사업장명,도로명전체주소,위생업태명,양실수,한실수,위도,경도
유성 당근 호텔,"대전광역시 유성구 온천로 22, 지상2층 (봉명동)",일반호텔,16,0,36.3549374,127.3450624
동성모텔,대전광역시 중구 당디로124번길 38 (유천동),여관업,25,1,36.3162468,127.3926726
고래하우스,"대전광역시 중구 목척8길 11, 3층 (은행동)",숙박업 기타,5,0,36.3295952,127.4264845
스타웍스호텔,"대전광역시 서구 둔산로73번길 30, 2~15층 (둔산동)",숙박업(생활),154,0,36.3524223,127.3819663
스카이빌,대전광역시 중구 문창로 109-9 (대흥동),숙박업(생활),4,11,36.3160659,127.4338853
루체스타리치먼드시티1,"대전광역시 유성구 계룡로141번길 30-1, 지상2층~지상20층 229객실(201호 외 228객실) (봉명동)",숙박업(생활),229,0,36.3538733,127.346488
둔산스테이어반,"대전광역시 서구 둔산로73번길 38, 스테이어반 2~18층 (둔산동)",숙박업(생활),346,0,36.3524223,127.3819663
봉쥬르카운티,"대전광역시 서구 둔산중로64번길 25, 2~15층 (둔산동)",숙박업(생활),93,0,36.3526,127.3883
Time Terminal Hotel,"대전광역시 동구 동서대로1683번길 76-7, 지하1층 ~ 6층 (용전동)",관광호텔,42,0,36.3524766,127.435556
봉쥬르카운티2,"대전광역시 서구 둔산로65번길 24, 봉쥬르카운티2 2층~20층 (둔산동)",숙박업(생활),133,0,36.3509036,127.3811509
주식회사 은하수디앤엠(D&M),"대전광역시 유성구 계룡로141번길 13-5, 지상1층 접객대 및 지상5, 7, 8~16층 일부(23객실) (봉명동)",숙박업(생활),23,0,36.3538733,127.346488
루체스타 리치먼드시티,"대전광역시 유성구 계룡로141번길 30-1, 지상 2~20층 일부(124개)호 (봉명동)",숙박업(생활),124,0,36.3538733,127.346488
메종 팰리스 대전,"대전광역시 동구 창조3길 15, 2~8층 (정동)",숙박업(생활),50,0,36.3281325,127.4359107
로망스Ⅱ,대전광역시 동구 동서대로 1699-20 (용전동),여관업,17,3,36.3458005,127.4298745
아늑호텔대전대흥점,"대전광역시 중구 대종로460번길 11, 2,3,4층 (대흥동)",일반호텔,22,0,36.3266754,127.429868
호모텔,"대전광역시 동구 한밭대로1316번길 17, 1~4층 (용전동)",여관업,18,0,36.3515188,127.439411
호텔디에디션,"대전광역시 서구 둔산남로91번길 13, 호텔 디 에디션 3층~13층 (둔산동)",일반호텔,140,0,36.3501274,127.3876838
베가시티,"대전광역시 유성구 계룡로141번길 13-5, 지상1, 3~15(일부)층, 33개호실 (봉명동)",숙박업(생활),33,0,36.3538733,127.346488
피닉스모텔,대전광역시 대덕구 중리로7번길 14-23 (중리동),여관업,43,0,36.3597079,127.4230059
더휴식아늑 유성2호점,"대전광역시 유성구 계룡로123번길 36, 지상1~6층 (봉명동)",일반호텔,38,0,36.3549374,127.3450624
위너팰리스,"대전광역시 서구 둔산중로64번길 26, 위너펠리스 3층~15층 (둔산동)",숙박업(생활),0,77,36.3523,127.3883
주식회사 신세계센트럴시티 호텔 오노마,"대전광역시 유성구 엑스포로 1, 신세계 엑스포점 (도룡동)",관광호텔,171,0,36.3750009,127.3832953
장수여인숙,대전광역시 동구 선화로214번길 67-2 (정동),여인숙업,5,0,36.3324,127.4315
원호텔,"대전광역시 유성구 온천서로 22-6, 지상5,6,7,8층 (봉명동)",숙박업 기타,43,0,36.3573221,127.3394849
상원빌,"대전광역시 중구 중앙로109번길 43, 2,3,4층 (선화동)",숙박업(생활),21,0,36.3287385,127.4214893
스테이준,"대전광역시 중구 대흥로165번길 36, 2층일부, 4~6층 (대흥동)",숙박업(생활),0,37,36.3258287,127.429728
한빛타운,"대전광역시 중구 중앙로121번길 49-7, 1~4층 (선화동, 한빛타운)",숙박업(생활),0,26,36.3291507,127.4226446
호텔스카이파크대전1호점,"대전광역시 유성구 테크노중앙로 161, 호텔 스카이파크 숙박시설동 지하1~7층 (용산동)",관광호텔,100,0,36.4247613,127.3981546
퀸스타운,"대전광역시 유성구 계룡로105번길 74, 지상2~5층 (봉명동)",여관업,48,1,36.3566,127.3441
세도나모텔,대전광역시 대덕구 한밭대로1129번길 30 (중리동),여관업,28,0,36.3619269,127.4238253
동백장,대전광역시 동구 선화로196번길 44-3 (중동),여관업,8,1,36.3318618,127.4291991
라마다대전호텔,"대전광역시 유성구 계룡로 127, 지상2~15층 (봉명동)",일반호텔,222,0,36.3535447,127.3417308
다연하우스,"대전광역시 중구 목척8길 45, 1~3층 (은행동)",숙박업(생활),18,0,36.3295952,127.4264845
아름드리,"대전광역시 중구 대종로505번길 56, 2~5층 (선화동)",숙박업(생활),20,0,36.3288321,127.4237966
레지던스호텔라인,"대전광역시 서구 둔산로51번길 76, 2층~12층 (둔산동)",숙박업(생활),118,0,36.3534803,127.3803531
스토리,"대전광역시 동구 대전로839번길 27, 태웅관광호텔 (정동)",여관업,28,2,36.3334128,127.429336
태양빌,"대전광역시 중구 보문로262번길 30, 2~4층 (대흥동)",숙박업(생활),15,,36.3264689,127.422966
그랜드캐슬,"대전광역시 서구 문정로89번길 33, 그랜드캐슬 3~15층 (탄방동)",숙박업(생활),103,0,36.3478627,127.3892439
힐링 모텔,대전광역시 대덕구 중리로21번길 17 (중리동),숙박업(생활),21,0,36.3619512,127.4248381
스테이아야나(STAY AYANA),대전광역시 대덕구 덕암로148번길 30 (상서동),여관업,26,0,36.4331134,127.4225095
잉카모텔,대전광역시 동구 대전천동로 570 (중동),여관업,73,0,36.3274158,127.4317941
나루무인텔,대전광역시 대덕구 신탄진동로7번길 24 (신탄진동),여관업,37,0,36.449223,127.4299318
프린스빌,"대전광역시 중구 선화로 126-7, 2~3층 (선화동)",숙박업(생활),0,3,36.324109,127.4114682
아가페,"대전광역시 중구 대종로452번길 30, 2~6층 (대흥동)",숙박업(생활),35,0,36.3258287,127.429728
플러스빌(plus ville),"대전광역시 동구 동서대로 1699-14, 1,2,3층 (용전동)",숙박업(생활),19,0,36.3458005,127.4298745
호텔썸,대전광역시 중구 문창로102번길 22 (문창동),여관업,28,0,36.3224315,127.4329276
리츠빌,"대전광역시 중구 목척4길 47, 3~4층 (은행동)",숙박업(생활),17,0,36.3304827,127.4247721
호텔 스탕달,"대전광역시 유성구 온천북로 14, 지상1, 3~13층 (봉명동)",숙박업(생활),70,0,36.3567849,127.3467595
플러스,"대전광역시 유성구 계룡로105번길 76, 지상1~9층 (봉명동)",여관업,30,0,36.3567,127.344
호텔3월,"대전광역시 서구 둔산중로32번길 29, 1~9층 (둔산동)",일반호텔,49,0,36.349489,127.3888784
초롱하우스,"대전광역시 중구 대종로517번길 39, 2~3층 (선화동)",숙박업(생활),0,11,36.3296795,127.4237497
투무인텔,대전광역시 동구 물류로13번길 63 (구도동),여관업,26,0,36.2720509,127.4695487
더에이치,대전광역시 대덕구 신탄진동로23번길 58 (신탄진동),여관업,31,0,36.4494771,127.4315036
대전나무호텔,대전광역시 유성구 온천서로 30-6 (봉명동),숙박업 기타,47,2,36.3573221,127.3394849
만인산,대전광역시 동구 물류로13번길 7 (구도동),여관업,35,0,36.2720509,127.4695487
약수장,대전광역시 동구 동서대로1683번길 46-11 (용전동),여관업,24,8,36.3524766,127.435556
호텔7,대전광역시 중구 문창로90번길 8 (문창동),여관업,14,0,36.321847,127.4342998
크리스탈레지던스호텔,대전광역시 중구 대종로452번길 38 (대흥동),숙박업(생활),38,10,36.3258287,127.429728
썸무인텔,"대전광역시 서구 계룡로636번길 24, 1~6층동 (용문동)",숙박업 기타,41,0,36.3394122,127.3907908
나봄호텔 주식회사,"대전광역시 유성구 테크노중앙로 69 (관평동, 지상1층, 3~10층)",관광호텔,75,0,36.4258888,127.3932954
마치호텔,"대전광역시 서구 둔산중로64번길 20, 2~12층 (둔산동)",숙박업(생활),128,0,36.3523,127.388
리스보아모텔,대전광역시 동구 동서대로1705번길 52 (용전동),여관업,47,0,36.3506668,127.4385353
자바무인텔,대전광역시 중구 문창로 85-16 (문창동),여관업,22,0,36.3160659,127.4338853
라운지모텔,대전광역시 동구 동서대로1705번길 46 (용전동),여관업,40,0,36.3506668,127.4385353
계룡스파텔,대전광역시 유성구 온천로 81 (봉명동),관광호텔,98,45,36.3549374,127.3450624
립스모텔,"대전광역시 대덕구 중리로7번길 14-19, 1~3층 (중리동)",여관업,19,0,36.3597079,127.4230059
드림파크,"대전광역시 중구 대둔산로 504-1, 2,3층 (유천동)",여관업,8,0,36.2815663,127.3757249
샾(#)모텔,대전광역시 동구 물류로13번길 13 (구도동),여관업,28,0,36.2720509,127.4695487
(주)호텔롯데 롯데시티호텔대전,대전광역시 유성구 엑스포로123번길 33 (도룡동),관광호텔,306,0,36.3757148,127.3919736
테크노밸리호텔,대전광역시 유성구 테크노중앙로 57 (관평동),관광호텔,74,0,36.42635685,127.3921265
맥모텔,대전광역시 유성구 온천북로 64 (봉명동),여관업,0,46,36.3569692,127.343365
한성장여관,"대전광역시 중구 문창로98번길 5, 1,2,3층 (문창동)",여관업,13,0,36.3220955,127.4331035
토요코인 대전정부청사앞,대전광역시 서구 둔산중로134번길 13 (둔산동),일반호텔,300,0,36.358952,127.3875776
토요코인 대전정부청사앞,"대전광역시 서구 둔산중로134번길 13, 15~18층 (둔산동)",숙박업(생활),67,0,36.358952,127.3875776
호텔그레이톤둔산,"대전광역시 서구 둔산중로 70, 3층~15층 (둔산동)",숙박업(생활),204,7,36.3528727,127.3871043
주식회사 비에디션 둔산점,대전광역시 서구 대덕대로220번길 23 (둔산동),일반호텔,54,0,36.3520903,127.3811565
호텔아이시시,대전광역시 유성구 엑스포로123번길 55 (도룡동),관광호텔,74,0,36.3757148,127.3919736
진영텔,대전광역시 중구 대흥로 7-6 (문화동),숙박업(생활),19,0,36.3238249,127.4266645
레지던스호텔 라 미아,"대전광역시 서구 둔산로51번길 42, 2~10층 (둔산동)",숙박업(생활),103,3,36.3534803,127.3803531
정연하우스,대전광역시 중구 대종로529번길 39 (선화동),숙박업(생활),14,0,36.3302493,127.4220182
카리브모텔,대전광역시 중구 문창로98번길 31 (문창동),여관업,27,0,36.3220955,127.4331035
남양하우스,대전광역시 중구 중앙로121번길 43 (선화동),숙박업(생활),35,0,36.3299156,127.4222085
굿모닝레지던스호텔휴운영 주식회사,"대전광역시 서구 둔산로73번길 21, 1~11층 (둔산동)",숙박업(생활),134,0,36.3524223,127.3819663
이안레지던스호텔,"대전광역시 서구 둔산로65번길 29, 1~10층 (둔산동)",숙박업(생활),70,0,36.3509036,127.3811509
두바이모텔,"대전광역시 동구 동서대로1695번길 47, 4층 (용전동)",여관업,0,30,36.3531482,127.4371511
호텔 선샤인,대전광역시 동구 동서대로 1700 (가양동),관광호텔,55,0,36.3458005,127.4298745
호텔얌유성온천역점,대전광역시 유성구 온천서로 30-13 (봉명동),여관업,24,0,36.3573221,127.3394849
팜스모텔,대전광역시 대덕구 중리로7번길 14-16 (중리동),여관업,28,0,36.3597079,127.4230059
로하스모텔,대전광역시 대덕구 신탄진동로23번길 77 (신탄진동),여관업,36,0,36.4494771,127.4315036
콩모텔,대전광역시 중구 대흥로169번길 12 (대흥동),여관업,34,0,36.3260219,127.4302508
아이모텔,대전광역시 동구 한밭대로1316번길 11 (용전동),여관업,34,0,36.3515188,127.439411
로또,"대전광역시 서구 대덕대로234번길 29 (둔산동,(5~8층))",여관업,37,2,36.3535811,127.3819766
건후하우스,대전광역시 중구 대종로488번길 8 (은행동),숙박업(생활),15,2,36.3281824,127.4267856
두바이호텔,대전광역시 대덕구 신탄진로790번길 46 (신탄진동),여관업,36,0,36.4486177,127.433202
더휴식 스테이,대전광역시 유성구 계룡로155번길 26-7 (봉명동),여관업,21,0,36.353228,127.3479079
두솔모텔,대전광역시 중구 계룡로 791-17 (용두동),여관업,28,0,36.3196384,127.4170252
샾모텔,대전광역시 동구 대전로813번길 49 (중동),여관업,12,5,36.3315723,127.4307873
온천파크,대전광역시 동구 동서대로1683번길 56-15 (용전동),여관업,16,3,36.3524766,127.435556
J모텔,대전광역시 동구 한밭대로1314번길 27 (용전동),여관업,33,3,36.3518336,127.4387232
리치호텔,대전광역시 대덕구 중리로7번길 6-15 (중리동),여관업,18,2,36.3597079,127.4230059
까치장여인숙,대전광역시 동구 중앙로203번길 14-1 (중동),여인숙업,5,0,36.3328297,127.4303256
둥지모텔,대전광역시 대덕구 중리로7번길 6 (중리동),여관업,16,2,36.3597079,127.4230059
맥모텔,대전광역시 중구 계룡로921번길 12 (대사동),여관업,25,0,36.3215901,127.4170441
백운장,대전광역시 중구 유천로47번길 104 (유천동),여관업,10,0,36.3161374,127.3945659
더블유(W)모텔,대전광역시 유성구 온천북로 8 (봉명동),여관업,33,0,36.3567849,127.3467595
대림호텔,대전광역시 중구 대종로505번길 50 (선화동),관광호텔,44,0,36.3288321,127.4237966
아이호텔(I-HOTEL),대전광역시 유성구 엑스포로123번길 27-5 (도룡동),숙박업(생활),76,4,36.3757148,127.3919736
페이지호텔,대전광역시 대덕구 중리로7번길 14-5 (중리동),여관업,31,4,36.3597079,127.4230059
캐슬,대전광역시 대덕구 중리남로 51 (중리동),여관업,36,0,36.3608913,127.4262515
라움호텔,대전광역시 대덕구 한밭대로1149번길 25-6 (중리동),여관업,34,1,36.3597893,127.4262945
제우스모텔,대전광역시 중구 대종로529번길 41 (선화동),여관업,16,8,36.3302493,127.4220182
엔세븐(N7),대전광역시 동구 동서대로1695번길 66-17 (용전동),여관업,34,1,36.3531482,127.4371511
리베라호텔,대전광역시 대덕구 중리로7번길 6-9 (중리동),여관업,18,3,36.3597079,127.4230059
프라임모텔,대전광역시 서구 둔산로65번길 30 (둔산동),여관업,34,1,36.3509036,127.3811509
초원모텔,대전광역시 유성구 계룡로123번길 27 (봉명동),여관업,27,3,36.3549374,127.3450624
보보스모텔,대전광역시 동구 동서대로1725번길 10 (용전동),여관업,35,0,36.3531075,127.4384564
호텔(HOTEL)141,대전광역시 유성구 계룡로141번길 13-11 (봉명동),여관업,29,5,36.3538733,127.346488
코지모텔,대전광역시 서구 도산로 114 (도마동),여관업,15,0,36.3357379,127.3898925
오리엔탈모텔,대전광역시 중구 계룡로874번길 103-1 (오류동),여관업,28,0,36.3225473,127.4080303
시네마이텔,대전광역시 유성구 대학로 8 (봉명동),여관업,43,1,36.3740741,127.3781724
카펠라모텔,대전광역시 대덕구 한밭대로1149번길 15-5 (중리동),여관업,36,0,36.3597893,127.4262945
호텔프리모,대전광역시 유성구 계룡로141번길 29-21 (봉명동),여관업,36,3,36.3538733,127.346488
네오텔,대전광역시 중구 문창로98번길 8 (문창동),여관업,30,0,36.3220955,127.4331035
브이아이피모텔,대전광역시 유성구 계룡로87번길 12 (봉명동),여관업,26,2,36.3557237,127.3411667
풀하우스,대전광역시 중구 유천로17번안길 50-11 (유천동),여관업,26,0,36.3147438,127.3921103
디엠프레스호텔,대전광역시 서구 한밭대로570번길 29-20 (월평동),관광호텔,66,0,36.357872,127.3615052
호텔지세븐,대전광역시 대덕구 중리남로 53 (중리동),여관업,34,2,36.3608913,127.4262515
아늑에어호텔대전문창점,대전광역시 중구 문창로94번길 28 (문창동),일반호텔,29,0,36.3217835,127.4332814
로즈마리모텔,대전광역시 중구 보문로162번길 94 (대사동),여관업,34,0,36.3188213,127.4285216
프롬에이치 썸,대전광역시 유성구 대정로 10 (대정동),일반호텔,30,6,36.3165559,127.3199401
럭셔리모텔,대전광역시 중구 대종로386번길 11 (부사동),여관업,23,0,36.3207914,127.4337158
라움스테이,"대전광역시 유성구 계룡로 129, 7. 8. 9층 (봉명동)",숙박업 기타,34,2,36.3535447,127.3417308
무비스모텔,대전광역시 중구 대흥로169번길 30 (대흥동),여관업,34,0,36.3260219,127.4302508
나인스팟호텔,대전광역시 중구 중앙로129번길 28 (선화동),여관업,40,0,36.3288321,127.4237966
하얏트모텔,대전광역시 중구 목척7길 24 (은행동),여관업,20,0,36.330441,127.4266956
솔비모텔,대전광역시 동구 한밭대로 1316-11 (용전동),여인숙업,17,0,36.3576705,127.4343969
낙원하우스,대전광역시 중구 중앙로16번길 19-5 (문화동),여관업,13,0,36.3209399,127.4147483
시티원 모텔,대전광역시 유성구 계룡로74번길 13-1 (봉명동),여관업,27,0,36.3522697,127.3382961
로지호텔,대전광역시 중구 대종로452번길 48 (대흥동),여관업,33,0,36.3258287,127.429728
카리스마모텔,대전광역시 중구 유등천동로 326-16 (산성동),여관업,36,0,36.307534,127.3847183
아이엔지,대전광역시 서구 둔산중로40번길 34 (둔산동),일반호텔,43,2,36.3501304,127.3868726
호텔 칸느,대전광역시 유성구 온천서로 30-9 (봉명동),여관업,30,4,36.3573221,127.3394849
샾모텔,대전광역시 동구 동서대로 1715-9 (용전동),여관업,39,3,36.3458005,127.4298745
드라마 모텔,대전광역시 유성구 온천서로 2 (봉명동),여관업,54,1,36.3573221,127.3394849
시카고모텔,대전광역시 대덕구 신탄진동로23번길 65 (신탄진동),여관업,30,7,36.4494771,127.4315036
호텔일루와,대전광역시 중구 대둔산로 500 (유천동),여관업,33,0,36.3136333,127.3897665
자우리호텔 은행점,대전광역시 중구 대흥로111번길 35 (대흥동),숙박업 기타,34,0,36.3248179,127.4250515
이티모텔,대전광역시 중구 유천로17번안길 52 (유천동),여관업,26,0,36.3147438,127.3921103
베스트인시티호텔,대전광역시 중구 대종로386번길 1 (대흥동),여관업,35,0,36.3207914,127.4337158
자바호텔,"대전광역시 중구 중앙로109번길 36 (선화동,20)",여관업,28,0,36.3287385,127.4214893
아델리아,대전광역시 중구 계백로1685번길 5 (오류동),여관업,25,0,36.3230295,127.4052355
단밤,"대전광역시 중구 대흥로158번길 53 (대흥동,,9,24번지)",여관업,32,2,36.3228855,127.4300124
스타호텔,대전광역시 중구 대흥로158번길 46 (대흥동),여관업,34,0,36.3228855,127.4300124
휴모텔,대전광역시 중구 목척7길 26 (은행동),여관업,19,0,36.330441,127.4266956
로또모텔,대전광역시 유성구 대정로 20 (대정동),여관업,35,10,36.3165559,127.3199401
베스트인시티호텔2,"대전광역시 중구 대종로386번길 7 (부사동,,대흥동49-12)",여관업,35,0,36.3207914,127.4337158
에스엠호텔,대전광역시 서구 계룡로636번길 14-13 (용문동),여관업,28,0,36.3394122,127.3907908
장미여인숙,"대전광역시 동구 중앙로203번길 36 (중동,22-9, 22-25)",여인숙업,3,5,36.3328297,127.4303256
더휴식 아늑 대전용전2호점,대전광역시 동구 한밭대로1316번길 2 (용전동),일반호텔,36,0,36.3515188,127.439411
미드멜리호텔,"대전광역시 서구 둔산중로40번길 27 (둔산동,(3~7층))",여관업,34,10,36.3501304,127.3868726
초이스모텔,대전광역시 동구 한밭대로1314번길 21 (용전동),여관업,22,8,36.3518336,127.4387232
클래스모텔,대전광역시 대덕구 한밭대로1149번길 15-6 (중리동),여관업,38,4,36.3597893,127.4262945
포시즌모텔,대전광역시 중구 목척7길 13 (은행동),여관업,31,1,36.330441,127.4266956
까펠라,대전광역시 유성구 한밭대로492번길 16-32 (봉명동),여관업,33,0,36.3589169,127.3530587
사보이모텔,대전광역시 동구 한밭대로 1288 (용전동),여관업,35,1,36.3576705,127.4343969
피아노,대전광역시 동구 동서대로1683번길 94-4 (용전동),여관업,24,0,36.3524766,127.435556
더리즈,대전광역시 중구 문창로98번길 38 (문창동),여관업,25,0,36.3220955,127.4331035
칸모텔,대전광역시 중구 인창로6번길 19 (대흥동),여관업,28,0,36.321262,127.4309165
호텔 위슬리 앤 버번,대전광역시 서구 둔산로65번길 34 (둔산동),여관업,33,2,36.3509036,127.3811509
스카이호텔,대전광역시 대덕구 신탄진동로23번길 43 (신탄진동),여관업,22,3,36.4498017,127.4312636
호텔카라,대전광역시 서구 월평로 57 (월평동),여관업,40,2,36.3571791,127.3630649
호텔띠아모,대전광역시 중구 문창로 92 (문창동),여관업,25,0,36.3160659,127.4338853
호텔루키,대전광역시 중구 대흥로158번길 25 (대흥동),여관업,32,2,36.3228855,127.4300124
에이스모텔,대전광역시 대덕구 한밭대로1149번길 25-11 (중리동),여관업,28,1,36.3597893,127.4262945
그리스호텔,대전광역시 중구 인창로 31 (문창동),여관업,30,0,36.3224159,127.4316699
잉카호텔,대전광역시 대덕구 중리로7번길 22 (중리동),여관업,39,0,36.3597079,127.4230059
아트빈,대전광역시 대덕구 한밭대로1149번길 21 (중리동),여관업,27,0,36.3597893,127.4262945
호텔로드,대전광역시 대덕구 신탄진로810번길 50 (신탄진동),여관업,31,4,36.4504391,127.4327313
대성모텔,대전광역시 유성구 계룡로155번길 39 (봉명동),여관업,10,18,36.353228,127.3479079
파라곤호텔(PC),대전광역시 유성구 계룡로87번길 72 (봉명동),여관업,35,5,36.3557237,127.3411667
스타파크,대전광역시 대덕구 중리로7번길 6-24 (중리동),여관업,19,0,36.3597079,127.4230059
렉시호텔,대전광역시 유성구 온천로107번길 37 (봉명동),일반호텔,35,0,36.3553005,127.3502689
올인모텔,대전광역시 중구 목척7길 10 (은행동),여관업,23,1,36.330441,127.4266956
투엑스,대전광역시 유성구 문화원로 116 (봉명동),여관업,39,1,36.3612376,127.3384993
오늘,대전광역시 유성구 온천북로 37 (봉명동),여관업,31,2,36.3567849,127.3467595
맨하탄모텔,대전광역시 유성구 온천북로33번길 7-14 (봉명동),여관업,30,6,36.3578011,127.3469792
샵모텔,"대전광역시 중구 목척9길 6 (은행동,외2)",여관업,30,5,36.330441,127.4266956
그레이스모텔,대전광역시 중구 문창로 109-10 (문창동),여관업,27,0,36.3160659,127.4338853
뷰띠크 호텔 이틀(Boutique HOTEL 이틀),대전광역시 동구 동서대로1705번길 81 (용전동),여관업,25,3,36.3506668,127.4385353
대전호텔박스,대전광역시 중구 대종로432번길 28 (대흥동),여관업,28,0,36.323714,127.4295126
뉴그랜드모텔,대전광역시 중구 문창로 109-14 (대흥동),여관업,27,0,36.3160659,127.4338853
대웅장여관,대전광역시 중구 대둔산로509번길 15 (유천동),여관업,15,0,36.3144256,127.3886945
올리비아모텔,대전광역시 동구 한밭대로1316번길 23 (용전동),여관업,35,0,36.3515188,127.439411
레몬트리호텔,대전광역시 유성구 계룡로 133 (봉명동),여관업,22,10,36.3535447,127.3417308
탑모텔,대전광역시 서구 계룡로636번길 15 (용문동),여관업,32,0,36.3394122,127.3907908
호텔드레,대전광역시 유성구 계룡로123번길 12 (봉명동),일반호텔,29,5,36.3549374,127.3450624
체리모텔,대전광역시 유성구 온천북로 76 (봉명동),여관업,30,6,36.3567849,127.3467595
휴앤유관광호텔,대전광역시 서구 한밭대로570번길 29-12 (월평동),관광호텔,51,3,36.357872,127.3615052
호텔어썸,대전광역시 서구 도산로369번길 29 (용문동),여관업,34,0,36.3389863,127.3902156
카라모텔,대전광역시 중구 목척2길 18 (은행동),여관업,24,0,36.3314264,127.4254349
금강파크,대전광역시 동구 한밭대로1316번길 39 (용전동),여관업,23,0,36.3515188,127.439411
HOTEL LUIS(호텔루이스),"대전광역시 서구 둔산중로40번길 19 (둔산동,5.6.7층)",여관업,37,0,36.3501304,127.3868726
쉼표호텔,대전광역시 중구 대둔산로509번길 7 (유천동),숙박업 기타,35,0,36.3144256,127.3886945
아로마모텔,대전광역시 대덕구 신탄진동로7번길 29 (신탄진동),여관업,32,3,36.449223,127.4299318
모텔나인,대전광역시 유성구 한밭대로492번길 16-26 (봉명동),여관업,33,0,36.3589169,127.3530587
호텔레인보우,"대전광역시 서구 월평로 53-10 (월평동,B동)",여관업,43,2,36.3571791,127.3630649
타임모텔,대전광역시 대덕구 덕암로148번길 34 (상서동),여관업,24,7,36.4331134,127.4225095
호텔프라이데이(Hotel Friday),"대전광역시 서구 둔산중로58번길 35 (둔산동,(3-6층))",여관업,41,3,36.3518095,127.3888869
유성스테이호텔,대전광역시 유성구 계룡로59번길 23 (봉명동),여관업,47,2,36.355854,127.3378672
오백호모텔,대전광역시 유성구 대학로 55-10 (봉명동),여관업,30,6,36.3740741,127.3781724
저스트슬립호텔 대전둔산점,"대전광역시 서구 둔산로137번길 21, 6~7층 (둔산동)",여관업,30,4,36.3524374,127.3892586
귀빈모텔,대전광역시 대덕구 중리로7번길 6-10 (중리동),여관업,15,6,36.3597079,127.4230059
룩호텔,대전광역시 동구 한밭대로 1316-16 (용전동),여관업,36,0,36.3576705,127.4343969
더휴식 아늑호텔 대전지점,대전광역시 동구 한밭대로1316번길 7 (용전동),일반호텔,19,0,36.3515188,127.439411
프린스파크,대전광역시 대덕구 신탄진동로 33 (신탄진동),여관업,18,8,36.4475384,127.4304288
엑스와이엠2,대전광역시 동구 한밭대로1314번길 1 (용전동),여관업,15,0,36.3518336,127.4387232
리더스모텔,대전광역시 서구 둔산로73번길 37 (둔산동),여관업,32,8,36.3524223,127.3819663
모텔로망스,대전광역시 대덕구 신탄진동로7번안길 24 (신탄진동),여관업,23,2,36.4508584,127.4311369
레드파크,대전광역시 대덕구 신탄진동로 27 (신탄진동),여관업,18,1,36.4475384,127.4304288
브라운도트호텔대전역점,대전광역시 중구 대종로460번길 29 (대흥동),여관업,31,0,36.3266754,127.429868
넘버25호텔 대전역점,대전광역시 동구 대전천동로 482-1 (인동),여관업,25,3,36.3274158,127.4317941
자우리호텔 유성점,대전광역시 유성구 대학로 47-18 (봉명동),여관업,27,1,36.3608144,127.3440842
저스트슬립호텔 신탄진역점,대전광역시 대덕구 신탄진로810번길 32 (신탄진동),여관업,34,2,36.4504391,127.4327313
베르겐호텔,대전광역시 유성구 온천북로 65-9 (봉명동),여관업,48,0,36.3567849,127.3467595
호텔잠,대전광역시 대덕구 신탄진동로7번안길 38 (신탄진동),여관업,30,2,36.4508584,127.4311369
리베라모텔,대전광역시 중구 계백로1550번길 56 (유천동),여관업,26,2,36.3125449,127.393979
뉴큐피트모텔,대전광역시 유성구 장대로 16-18 (봉명동),여관업,31,1,36.3569572,127.3376849
피카소호텔,대전광역시 유성구 장대로 16-20 (봉명동),여관업,29,3,36.3569572,127.3376849
대전브라운도트 월평점,"대전광역시 서구 월평로 53-8, 3~7층 (월평동)",여관업,42,3,36.3571791,127.3630649
시나브로,대전광역시 유성구 온천북로59번길 9 (봉명동),여관업,38,4,36.357385,127.3496608
파로스호텔,대전광역시 유성구 한밭대로492번길 26-28 (봉명동),여관업,32,2,36.3589169,127.3530587
세도나모텔,대전광역시 동구 동서대로1725번길 40 (용전동),여관업,49,3,36.3531075,127.4384564
시애틀,대전광역시 중구 대둔산로494번길 15 (유천동),여관업,30,1,36.3135361,127.3906232
더샾모텔,대전광역시 유성구 온천북로 53 (봉명동),여관업,42,0,36.3572651,127.3504274
샤모니,대전광역시 유성구 온천북로59번길 17 (봉명동),여관업,28,2,36.357385,127.3496608
팰리스모텔,대전광역시 중구 보문로260번길 45 (대흥동),여관업,14,0,36.3264636,127.4241381
셰이프모텔,대전광역시 대덕구 중리로7번길 14-22 (중리동),여관업,17,2,36.3597079,127.4230059
에스모텔(S모텔),대전광역시 대덕구 중리로7번길 6-8 (중리동),여관업,16,2,36.3597079,127.4230059
호텔 브라운 도트(온천점),대전광역시 유성구 온천동로65번길 42 (봉명동),일반호텔,35,4,36.3570912,127.3516238
에디션 바이 아늑,대전광역시 유성구 온천북로 69 (봉명동),여관업,44,7,36.3567849,127.3467595
희망여인숙,대전광역시 동구 중앙로203번길 46-1 (정동),여인숙업,4,1,36.3328297,127.4303256
호텔메이,대전광역시 유성구 계룡로105번길 25 (봉명동),여관업,42,0,36.3548,127.3428
스테이어반트비지니스감성호텔,대전광역시 유성구 온천북로33번길 8-27 (봉명동),여관업,33,0,36.3578011,127.3469792
스파타워,대전광역시 유성구 온천로107번길 40 (봉명동),여관업,32,3,36.3553005,127.3502689
모텔코보스,대전광역시 서구 둔산로73번길 25 (둔산동),여관업,41,1,36.3524223,127.3819663
아리아모텔,대전광역시 동구 한밭대로1316번길 44 (용전동),여관업,29,3,36.3515188,127.439411
모아모텔,"대전광역시 중구 대종로460번길 28 (대흥동,130-2)",여관업,17,0,36.3266754,127.429868
샘보석사우나모텔,대전광역시 서구 청사로123번길 38 (월평동),여관업,26,6,36.3611875,127.377528
아비숑모텔,대전광역시 중구 대종로402번길 28 (문창동),여관업,17,1,36.321262,127.4309165
저스트슬립호텔 유성온천점,대전광역시 유성구 온천로101번길 10-1 (봉명동),여관업,45,4,36.3546839,127.3491133
럭셔리모텔,대전광역시 유성구 온천서로 30-10 (봉명동),여관업,45,0,36.3573221,127.3394849
만월호텔 중리점,대전광역시 대덕구 중리로7번길 14-17 (중리동),여관업,28,7,36.3597079,127.4230059
썸모텔,대전광역시 대덕구 중리로7번길 6-23 (중리동),여관업,23,6,36.3597079,127.4230059
발렌타인,대전광역시 대덕구 신탄진로790번길 40 (신탄진동),여관업,24,4,36.4486177,127.433202
신도장여관,대전광역시 동구 중앙로193번길 25 (중동),여관업,4,6,36.332086,127.4296685
호텔데이즈(Hotel DAYS),대전광역시 서구 둔산남로 98-11 (탄방동),여관업,32,6,36.3490151,127.4019283
프로포즈 모텔,대전광역시 중구 계룡로882번길 112 (오류동),여관업,22,2,36.3214909,127.4065376
삼오모텔,대전광역시 대덕구 신탄진동로7번안길 23 (신탄진동),여관업,16,2,36.4508584,127.4311369
큐모텔,대전광역시 대덕구 신탄진로804번길 5 (신탄진동),여관업,13,7,36.44943495,127.4301658
세영모텔,대전광역시 대덕구 신탄진로804번길 7 (신탄진동),여관업,23,1,36.44939655,127.4303435
호텔나인,대전광역시 대덕구 한밭대로1149번길 19 (중리동),여관업,28,2,36.3597893,127.4262945
코지모텔,대전광역시 유성구 온천서로 35-18 (장대동),여관업,28,8,36.3573221,127.3394849
모텔하얏트,대전광역시 대덕구 신탄진로810번길 33 (신탄진동),여관업,10,8,36.4504391,127.4327313
신탄진페이지,대전광역시 대덕구 신탄진동로35번길 9 (신탄진동),여관업,22,4,36.4504391,127.4327313
꿈의궁전,대전광역시 대덕구 신탄진로810번길 54 (신탄진동),여관업,21,3,36.4504391,127.4327313
스테이오늘,대전광역시 중구 대흥로158번길 13 (대흥동),여관업,30,0,36.3228855,127.4300124
오백호모텔,대전광역시 서구 둔산로65번길 39 (둔산동),여관업,42,4,36.3509036,127.3811509
큐모텔,대전광역시 대덕구 중리로7번길 6-7 (중리동),여관업,7,9,36.3597079,127.4230059
군산여인숙,대전광역시 동구 선화로214번길 69-1 (정동),여인숙업,2,4,36.3323,127.4314
헤라,대전광역시 유성구 온천로107번길 23 (봉명동),여관업,34,2,36.3553005,127.3502689
자우리호텔 도안신도시점,대전광역시 유성구 계룡로 157 (봉명동),일반호텔,39,3,36.3535447,127.3417308
몽모텔,대전광역시 중구 대흥로169번길 11 (대흥동),여관업,29,1,36.3260219,127.4302508
갤러리모텔,대전광역시 서구 둔산남로 98-16 (탄방동),여관업,48,2,36.3490151,127.4019283
데미안모텔,대전광역시 동구 동서대로1683번길 94-8 (용전동),여관업,21,3,36.3524766,127.435556
더호텔아리아,대전광역시 서구 대덕대로234번길 21 (둔산동),여관업,38,8,36.3535811,127.3819766
미도파크여관,대전광역시 동구 한밭대로1316번길 29 (용전동),여관업,16,0,36.3515188,127.439411
호텔무인텔,대전광역시 서구 장안로 354-20 (장안동),여관업,23,0,36.2530448,127.3411927
산토리니,대전광역시 중구 대종로396번길 5 (대흥동),여관업,34,0,36.3207155,127.4313587
투유파크,대전광역시 대덕구 신탄진동로 29 (신탄진동),여관업,20,8,36.4475384,127.4304288
프롬에이치 에이스,대전광역시 유성구 계룡로141번길 13-21 (봉명동),여관업,45,0,36.3538733,127.346488
목포여인숙,대전광역시 동구 대전로813번길 21 (중동),여인숙업,0,3,36.3315723,127.4307873
루이스(Luis),대전광역시 유성구 온천서로 32-16 (봉명동),여관업,32,0,36.3573221,127.3394849
만월호텔 유성점,대전광역시 유성구 문화원로6번길 114 (장대동),여관업,28,8,36.3590996,127.3374952
거인장,대전광역시 동구 선화로214번길 65 (정동),여인숙업,1,9,36.3324,127.4313
밀라노모텔,대전광역시 대덕구 한밭대로1149번길 33 (중리동),여관업,17,2,36.3597893,127.4262945
프로포즈모텔,대전광역시 대덕구 중리로7번길 18 (중리동),여관업,20,4,36.3597079,127.4230059
휠모텔,대전광역시 대덕구 중리로21번길 23 (중리동),여관업,22,2,36.3619512,127.4248381
알프스파크,대전광역시 대덕구 신탄진로790번길 44 (신탄진동),여관업,23,9,36.4486177,127.433202
아크리스,대전광역시 중구 유등천동로 326-9 (산성동),여관업,27,2,36.307534,127.3847183
발렌타인모텔,대전광역시 유성구 장대로 20-19 (장대동),여관업,28,8,36.3569572,127.3376849
루오호텔대흥점,대전광역시 중구 인창로6번길 25 (대흥동),여관업,25,0,36.321262,127.4309165
대림파크,대전광역시 중구 대흥로158번길 18 (대흥동),여관업,14,5,36.3228855,127.4300124
W모텔,대전광역시 서구 월평북로 88-10 (월평동),여관업,22,0,36.3611899,127.3781874
포시즌모텔,"대전광역시 서구 둔산남로105번길 32, 3~6층 (둔산동)",여관업,36,5,36.3501216,127.3892514
청산파크,대전광역시 대덕구 신탄진로844번길 26 (신탄진동),여관업,12,8,36.4528843,127.4298175
시네마모텔,대전광역시 동구 동서대로1725번길 18 (용전동),여관업,30,2,36.3531075,127.4384564
로데오모텔,대전광역시 서구 둔산로31번길 34 (둔산동),여관업,41,4,36.3533057,127.3785109
더블유모텔,대전광역시 서구 용문로 67 (용문동),여관업,35,0,36.3386328,127.3897359
워커힐모텔,대전광역시 서구 월평로 47 (월평동),여관업,40,10,36.3571791,127.3630649
럭셔리모텔,대전광역시 대덕구 신탄진동로7번길 32 (신탄진동),여관업,22,6,36.449223,127.4299318
그랜드파크,대전광역시 대덕구 신탄진로218번길 57-9 (와동),여관업,9,8,36.401763,127.4228787
피렌체호텔,대전광역시 서구 용문로 49 (괴정동),여관업,20,5,36.3386328,127.3897359
현대여인숙,"대전광역시 중구 계백로1566번길 6 (유천동,,35)",여인숙업,2,9,36.3147683,127.3950511
블랙호텔,대전광역시 서구 용문로 65 (용문동),여관업,31,0,36.3386328,127.3897359
스카이모텔,대전광역시 동구 동서대로1725번길 24 (용전동),여관업,24,0,36.3531075,127.4384564
럭셔리모텔,대전광역시 중구 대종로386번길 13 (부사동),여관업,19,1,36.3207914,127.4337158
레이크모텔,대전광역시 중구 계룡로921번길 11 (대사동),여관업,32,0,36.3215901,127.4170441
블루모텔,대전광역시 대덕구 신탄진동로35번길 5 (신탄진동),여관업,24,3,36.4504391,127.4327313
상아장모텔,대전광역시 유성구 온천로 74 (봉명동),여관업,10,21,36.3549374,127.3450624
유성호텔,대전광역시 유성구 온천로 9 (봉명동),관광호텔,146,43,36.3549374,127.3450624
모텔 하니,"대전광역시 서구 월평북로 88-16, 4,5층 (월평동)",여관업,21,0,36.3611899,127.3781874
호텔마이스테이,대전광역시 중구 중교로 10 (대흥동),여관업,23,0,36.3258958,127.4254577
호텔인터시티,대전광역시 유성구 온천로 92 (봉명동),관광호텔,197,2,36.3549374,127.3450624
호텔카카오2호점,대전광역시 서구 용문로 53 (괴정동),여관업,23,2,36.3386328,127.3897359
프로방스모텔,대전광역시 중구 대둔산로 471 (산성동),여관업,12,8,36.2815663,127.3757249
자자,대전광역시 서구 계룡로620번길 33 (용문동),여관업,35,1,36.3387466,127.3900774
호텔어반브라운,대전광역시 대덕구 한밭대로1149번길 15-11 (중리동),여관업,30,3,36.3597893,127.4262945
호텔컨티뉴대전점,대전광역시 서구 월평로 53-9 (월평동),여관업,43,0,36.3571791,127.3630649
블랑365,대전광역시 대덕구 한밭대로1149번길 15-9 (중리동),여관업,24,5,36.3597893,127.4262945
아우디모텔,대전광역시 대덕구 신탄진로810번길 46 (신탄진동),여관업,25,1,36.4504391,127.4327313
란모텔,대전광역시 대덕구 중리로7번길 14-10 (중리동),여관업,24,2,36.3597079,127.4230059
평안장여관,대전광역시 중구 유등천동로324번길 60 (유천동),여관업,19,0,36.3126211,127.3886885
루바토(RUBATO),대전광역시 유성구 온천서로 30-5 (봉명동),여관업,25,10,36.3573221,127.3394849
로얄파크,대전광역시 중구 대둔산로 497 (유천동),여관업,19,4,36.2966468,127.3851867
올리브모텔,대전광역시 서구 용문로 41-30 (괴정동),여관업,32,0,36.3386328,127.3897359
케이비모텔,대전광역시 동구 동서대로1705번길 58-18 (용전동),여관업,40,0,36.3516151,127.4380483
모텔카카오,대전광역시 서구 계룡로620번길 49 (용문동),여관업,28,0,36.3389863,127.3902156
보령모텔,대전광역시 동구 한밭대로1316번길 43 (용전동),여관업,34,4,36.3515188,127.439411
청실모텔,대전광역시 대덕구 한밭대로1129번길 26 (중리동),여관업,20,3,36.3619269,127.4238253
로얄파크,대전광역시 대덕구 신탄진로796번길 52 (신탄진동),여관업,23,3,36.4491868,127.4330504
보보스모텔,대전광역시 서구 용문로 41-54 (괴정동),여관업,30,2,36.3368658,127.3927837
탑클라우드호텔대전점,대전광역시 유성구 온천로101번길 20 (봉명동),여관업,48,0,36.3546839,127.3491133
이담모텔,대전광역시 동구 한밭대로1314번길 9-1 (용전동),여관업,18,4,36.3518336,127.4387232
보보스,대전광역시 유성구 계룡로155번길 40 (봉명동),여관업,25,8,36.353228,127.3479079
대명모텔,대전광역시 유성구 계룡로87번길 59 (봉명동),여관업,18,6,36.3557237,127.3411667
호텔버스,대전광역시 중구 계룡로921번길 16 (대사동),여관업,32,0,36.3215901,127.4170441
동양파크,대전광역시 서구 도마1길 29 (도마동),여관업,15,3,36.314,127.3811
궁전모텔,대전광역시 중구 계룡로882번길 105 (오류동),여관업,24,0,36.3214909,127.4065376
태광파크,대전광역시 유성구 계룡로74번길 13-6 (봉명동),여관업,20,8,36.3522697,127.3382961
스테이큐용문,대전광역시 서구 계룡로636번길 14-15 (용문동),여관업,23,0,36.3394122,127.3907908
콩모텔유천점,대전광역시 중구 문화로87번길 60 (유천동),여관업,27,0,36.3141245,127.3945863
아트호텔,대전광역시 유성구 온천서로 32-12 (봉명동),여관업,33,0,36.3573221,127.3394849
리슈모텔,대전광역시 중구 유천로33번길 68 (유천동),여관업,18,0,36.3147683,127.3950511
맥(MAC),대전광역시 서구 계룡로636번길 14-17 (용문동),여관업,24,4,36.3394122,127.3907908
다복파크,대전광역시 유성구 계룡로74번길 13-8 (봉명동),여관업,18,2,36.3522697,127.3382961
500th모텔,대전광역시 대덕구 신탄진로810번길 56 (신탄진동),여관업,22,1,36.4504391,127.4327313
코자자,대전광역시 중구 유천로17번안길 36 (유천동),여관업,28,0,36.3147438,127.3921103
호텔비앤비,대전광역시 유성구 온천북로 62 (봉명동),여관업,28,4,36.3567849,127.3467595
비앤비호텔,"대전광역시 중구 대흥로157번길 28, 3층 일부~9층 (대흥동)",여관업,36,0,36.326417,127.428361
모아파크,대전광역시 유성구 계룡로141번길 29-12 (봉명동),여관업,24,8,36.3538733,127.346488
더휴식아늑 유성1호점,대전광역시 유성구 계룡로123번길 38 (봉명동),일반호텔,27,8,36.3549374,127.3450624
시애틀모텔,대전광역시 동구 동서대로1683번길 58 (용전동),여관업,24,8,36.3524766,127.435556
스위트모텔,대전광역시 동구 동서대로1683번길 56-11 (용전동),여관업,22,6,36.3524766,127.435556
쉼,대전광역시 동구 계족로392번길 113 (가양동),여관업,16,3,36.3481375,127.4365997
더봄호텔,대전광역시 서구 용문로 45 (괴정동),여관업,24,4,36.3368658,127.3927837
JNK(제이앤케이)모텔,대전광역시 서구 계룡로620번길 32 (괴정동),여관업,28,4,36.3389863,127.3902156
드메르호텔,대전광역시 유성구 온천서로 30-19 (봉명동),일반호텔,30,10,36.3573221,127.3394849
케이세븐피씨(K7PC)호텔,대전광역시 유성구 계룡로87번길 65 (봉명동),여관업,31,2,36.3557237,127.3411667
엘오디호텔,대전광역시 유성구 온천서로 30-15 (봉명동),여관업,36,6,36.3573221,127.3394849
수라모텔,대전광역시 중구 유천로17번안길 42 (유천동),여관업,17,1,36.3147438,127.3921103
비엔나모텔,대전광역시 유성구 계룡로141번길 13-17 (봉명동),여관업,36,12,36.3538733,127.346488
남성장여관,대전광역시 동구 창조3길 18 (원동),여인숙업,7,2,36.3281325,127.4359107
호텔 본,대전광역시 동구 동서대로1683번길 84 (용전동),여관업,34,3,36.3524766,127.435556
만년모텔,대전광역시 대덕구 중리로7번길 6-14 (중리동),여관업,19,3,36.3597079,127.4230059
보람파크,대전광역시 대덕구 신탄진로810번길 31 (신탄진동),여관업,10,5,36.4504391,127.4327313
호텔야자 대전터미널점,대전광역시 동구 한밭대로1316번길 16 (용전동),여관업,31,4,36.3515188,127.439411
하니파크,대전광역시 동구 동서대로1683번길 50-15 (용전동),여관업,31,1,36.3524766,127.435556
송암파크,대전광역시 유성구 계룡로87번길 66 (봉명동),여관업,10,21,36.3557237,127.3411667
오룡하우스,"대전광역시 중구 어덕마을로10번길 95-4, 3~5층 (용두동)",숙박업(생활),13,0,36.329923,127.4044402
초원장,대전광역시 동구 역전1길 39 (정동),여관업,8,6,36.3335646,127.4321236
저스트스테이호텔 신탄진역점,대전광역시 대덕구 신탄진동로23번길 60 (신탄진동),여관업,14,14,36.4494771,127.4315036
엑스와이엠,대전광역시 동구 한밭대로1314번길 5 (용전동),여관업,33,5,36.3518336,127.4387232
제이에이치레전드호텔,대전광역시 유성구 계룡로141번길 21 (봉명동),관광호텔,51,24,36.3538733,127.346488
해명장,대전광역시 유성구 유성대로730번길 110 (장대동),여관업,8,6,36.3579356,127.3334947
타임터미널 호텔 대전용전2호점,대전광역시 동구 동서대로1683번길 76-9 (용전동),여관업,37,0,36.3524766,127.435556
베네치아,대전광역시 중구 유등천동로 326-8 (산성동),여관업,12,3,36.307534,127.3847183
서울파크,대전광역시 동구 한밭대로1316번길 20 (용전동),여관업,10,7,36.3515188,127.439411
한양모텔,대전광역시 대덕구 중리로7번길 14-20 (중리동),여관업,22,6,36.3597079,127.4230059
해피타워,대전광역시 동구 동서대로1725번길 22 (용전동),여관업,30,2,36.3531075,127.4384564
대전하늘정원,대전광역시 중구 보문로230번길 40 (대흥동),숙박업(생활),24,0,36.3240514,127.4254896
노크인호텔 대전터미널점,대전광역시 동구 한밭대로1316번길 35 (용전동),일반호텔,36,0,36.3515188,127.439411
홍인파크,대전광역시 중구 계백로1550번길 36 (유천동),여관업,15,2,36.3125449,127.393979
스카이모텔,대전광역시 중구 중앙로16번길 28 (문화동),여관업,14,4,36.3209399,127.4147483
세르보,대전광역시 유성구 계룡로155번길 14 (봉명동),여관업,21,10,36.353228,127.3479079
서울온천모텔,"대전광역시 유성구 문화원로6번길 113, 서울온천모텔 (장대동)",여관업,20,10,36.3590996,127.3374952
올림픽파크,대전광역시 중구 문창로90번길 29 (문창동),여관업,16,2,36.321847,127.4342998
호텔노크온(Knock on Hotel),대전광역시 중구 인창로 7 (대흥동),여관업,33,0,36.3224159,127.4316699
백제장여관,대전광역시 중구 문창로90번길 31 (문창동),여관업,17,0,36.321847,127.4342998
샘모텔,대전광역시 유성구 계룡로155번길 10 (봉명동),여관업,20,10,36.353228,127.3479079
큐피트모텔,대전광역시 유성구 계룡로155번길 32 (봉명동),여관업,17,10,36.353228,127.3479079
호텔 벤,대전광역시 동구 동서대로1705번길 21 (용전동),여관업,29,3,36.3506668,127.4385353
로미오모텔,대전광역시 중구 유천로17번안길 50-9 (유천동),여관업,19,0,36.3147438,127.3921103
만년장파크,대전광역시 동구 한밭대로1314번길 25 (용전동),여관업,26,6,36.3518336,127.4387232
아리아파크,대전광역시 대덕구 신탄진동로7번길 39 (신탄진동),여관업,16,2,36.449223,127.4299318
봉황모텔,대전광역시 동구 동서대로1683번길 46-13 (용전동),여관업,27,3,36.3524766,127.435556
보람장여관,대전광역시 중구 문창로98번길 15 (문창동),여관업,17,0,36.3220955,127.4331035
호텔박스,대전광역시 동구 한밭대로1316번길 34 (용전동),여관업,28,4,36.3515188,127.439411
해와달모텔,대전광역시 대덕구 신탄진동로23번길 73 (신탄진동),여관업,18,9,36.4494771,127.4315036
장미파크,대전광역시 중구 문창로 101-22 (대흥동),여관업,13,0,36.3160659,127.4338853
23번가,대전광역시 대덕구 신탄진동로23번길 69 (신탄진동),여관업,8,9,36.4494771,127.4315036
동화장여관,대전광역시 중구 인창로28번길 3 (문창동),여관업,12,0,36.3217835,127.4332814
행복장여관,대전광역시 대덕구 신탄진동로7번길 45 (신탄진동),여관업,12,10,36.449223,127.4299318
큐모텔,대전광역시 중구 계룡로874번길 103 (오류동),여관업,21,1,36.3225473,127.4080303
아리장여관,대전광역시 중구 문창로94번길 37 (문창동),여관업,17,0,36.3217835,127.4332814
서울파크,대전광역시 대덕구 신탄진로810번길 41 (신탄진동),여관업,14,5,36.4504391,127.4327313
황소모텔,대전광역시 중구 유천로47번길 99 (유천동),여관업,22,0,36.3161374,127.3945659
맥(MAC)Ⅱ,대전광역시 서구 계룡로636번길 14-19 (용문동),여관업,15,3,36.3394122,127.3907908
프라임모텔,대전광역시 중구 문창로 109-16 (대흥동),여관업,12,2,36.3160659,127.4338853
드래곤캐슬모텔,대전광역시 대덕구 중리로7번길 14-9 (중리동),여관업,18,0,36.3597079,127.4230059
그린파크,대전광역시 중구 문창로90번길 33 (문창동),여관업,18,1,36.321847,127.4342998
산호파크텔,대전광역시 동구 동서대로1705번길 11 (용전동),여관업,7,18,36.3506668,127.4385353
케이(K)7피씨텔,대전광역시 유성구 온천서로 32-24 (봉명동),여관업,14,10,36.3573221,127.3394849
동경(憧憬) 대전점,대전광역시 서구 변동로 48-17 (변동),여관업,13,2,36.3256801,127.3784464
만보장,대전광역시 동구 대전로825번길 7 (정동),여관업,9,4,36.332086,127.4296685
월호텔,대전광역시 대덕구 신탄진로681번길 44 (덕암동),여관업,20,10,36.4400025,127.4247462
벨라제 호텔(belleza hotel),대전광역시 동구 동서대로1683번길 46-8 (용전동),관광호텔,83,0,36.3524766,127.435556
그레이스,"대전광역시 서구 도마3길 14, 1~3층 (도마동)",숙박업(생활),0,19,36.3150688,127.3809525
오렌지파크,대전광역시 중구 목척3길 36 (은행동),여관업,26,0,36.3308503,127.4266052
황토방모텔,대전광역시 중구 목척7길 32 (은행동),여관업,21,1,36.330441,127.4266956
장수장여관,대전광역시 중구 인창로 36 (문창동),여관업,14,2,36.3233358,127.4340566
서원장,대전광역시 대덕구 덕암로265번길 59 (덕암동),여관업,15,4,36.4470669,127.4214778
메종,"대전광역시 중구 목척9길 13, 2~5층 (은행동)",숙박업(생활),33,0,36.330441,127.4266956
H.I(에이치.아이)호텔,대전광역시 동구 용운로 169 (용운동),여관업,31,0,36.3268274,127.4560747
모아장여관,"대전광역시 동구 대전로825번길 42 (중동,80,26)",여관업,10,6,36.332086,127.4296685
엠모텔,대전광역시 서구 도솔5길 5 (도마동),여관업,12,7,36.3142049,127.3712719
봉봉장,대전광역시 중구 대종로386번길 71 (문창동),여관업,16,0,36.3207914,127.4337158
수연장,대전광역시 동구 대전로 288-2 (대성동),여관업,6,8,36.3260032,127.4362296
연희여인숙,대전광역시 대덕구 신탄진동로7번길 41 (신탄진동),여인숙업,0,9,36.449223,127.4299318
영천여인숙,대전광역시 동구 선화로214번길 52 (정동),여인숙업,4,1,36.333,127.4308
모텔퀸,대전광역시 서구 도마3길 26 (도마동),여관업,11,8,36.3150688,127.3809525
대청파크,대전광역시 대덕구 덕암로148번길 24 (상서동),여관업,22,8,36.4331134,127.4225095
은혜장여관,대전광역시 중구 문창로 109 (문창동),여관업,10,0,36.3160659,127.4338853
신라모텔,대전광역시 동구 동서대로1683번길 50-13 (용전동),여관업,15,3,36.3524766,127.435556
금성파크,대전광역시 동구 동서대로 1699-22 (용전동),여관업,9,10,36.3458005,127.4298745
행운장모텔,대전광역시 동구 대전로825번길 16 (정동),여관업,10,0,36.332086,127.4296685
청수모텔,대전광역시 동구 동서대로1683번길 46-17 (용전동),여관업,28,2,36.3524766,127.435556
자바모텔,대전광역시 동구 동서대로1683번길 54 (용전동),여관업,18,1,36.3524766,127.435556
동백여관,대전광역시 중구 유천로47번길 116 (유천동),여관업,10,0,36.3161374,127.3945659
거북 여인숙,대전광역시 중구 계백로1522번길 56 (유천동),여인숙업,8,0,36.3139,127.3885
하이클래스모텔,대전광역시 동구 동서대로1705번길 79 (용전동),여관업,9,10,36.3506668,127.4385353
운현장여관,대전광역시 중구 대종로386번길 84 (문창동),여관업,18,1,36.3207914,127.4337158
모모(HOTEL MOMO),대전광역시 동구 동서대로1695번길 24-14 (용전동),여관업,5,14,36.3531482,127.4371511
뉴서울파크,대전광역시 동구 동서대로1695번길 106 (용전동),여관업,15,3,36.3531482,127.4371511
하나장,대전광역시 동구 계족로 8 (효동),여관업,7,3,36.3168911,127.440682
럭키장여관,대전광역시 중구 유천로 57 (유천동),여관업,8,1,36.3176075,127.3968531
진주장,대전광역시 동구 동서대로1705번길 24 (용전동),여관업,8,9,36.3506668,127.4385353
용문파크,대전광역시 서구 도산로 378 (용문동),여관업,11,3,36.3357379,127.3898925
천연장,대전광역시 동구 우암로 239 (가양동),여관업,20,16,36.3504138,127.4525122
태림장여관,"대전광역시 중구 목척1길 20 (은행동,,3,4.)",여관업,10,0,36.3300046,127.426574
예오장,"대전광역시 중구 문창로 101-21 (대흥동,,32)",여관업,14,0,36.3160659,127.4338853
백운장여관,대전광역시 서구 가장로 128 (가장동),여관업,9,9,36.3369616,127.3819814
오류장여관,대전광역시 중구 오류로 77-1 (오류동),여관업,8,2,36.3214703,127.4042701
대성,대전광역시 동구 비래서로42번안길 49-27 (가양동),여관업,11,1,36.3537131,127.451922
투투모텔,대전광역시 유성구 계룡로155번길 36 (봉명동),여관업,11,7,36.353228,127.3479079
가양레지던스,대전광역시 동구 흥룡로 10 (가양동),여관업,11,5,36.34943,127.4485021
로망스,대전광역시 동구 동서대로1705번길 13 (용전동),여관업,25,2,36.3506668,127.4385353
세원하우스,대전광역시 중구 대종로 451-6 (대흥동),숙박업(생활),18,0,36.3062278,127.4482781
국일장,대전광역시 동구 중앙로203번길 42 (정동),여인숙업,5,0,36.3328297,127.4303256
3.3여관,대전광역시 중구 계백로1522번길 57 (유천동),여관업,0,6,36.3139,127.3886
에스모텔,대전광역시 동구 산내로 1378-4 (대성동),여관업,5,5,36.2280141,127.4471344
안흥파크,대전광역시 중구 인창로28번길 27 (문창동),여관업,10,0,36.3217835,127.4332814
원앙파크,대전광역시 중구 인창로6번길 11 (대흥동),여관업,12,0,36.321262,127.4309165
(주)더휴식 소륜대전지점,대전광역시 대덕구 대전로 1394 (읍내동),일반호텔,23,9,36.3594853,127.4157548
한일장여관,대전광역시 중구 보문로 143 (대사동),여관업,12,0,36.3194918,127.4240618
예원모텔,대전광역시 동구 대전로 896 (삼성동),여관업,10,8,36.3260032,127.4362296
일신모텔,대전광역시 중구 대전천서로 419 (대흥동),여관업,14,1,36.3164771,127.4383812
서린장,대전광역시 동구 대흥로202번길 21-8 (인동),여관업,14,2,36.3253134,127.4343777
금강장여관,대전광역시 대덕구 신탄진로810번길 15 (신탄진동),여관업,15,1,36.4504391,127.4327313
띠울장모텔,대전광역시 동구 동대전로218번길 4 (자양동),여관업,19,4,36.342388,127.450146
퀸모텔,대전광역시 중구 유등천동로324번길 28 (산성동),여관업,13,1,36.3126211,127.3886885
은성장,대전광역시 동구 대전로815번길 33 (정동),여관업,17,5,36.3355276,127.4294838
세라돈여관,대전광역시 중구 대흥로 7-5 (문화동),여관업,9,2,36.3238249,127.4266645
청수파크,대전광역시 서구 계룡로636번길 14-27 (용문동),여관업,5,15,36.3394122,127.3907908
비쥬모텔,대전광역시 동구 대전로807번길 4 (정동),여관업,22,0,36.3311723,127.4311038
뉴히딩크모텔,대전광역시 중구 유등천동로 324-1 (산성동),여관업,23,2,36.307534,127.3847183
유림여관,대전광역시 중구 유천로47번길 102 (유천동),여관업,12,0,36.3161374,127.3945659
경성장여관,대전광역시 중구 대전천서로 419-7 (대흥동),여관업,15,0,36.3164771,127.4383812
누을장,대전광역시 동구 동대전로248번길 179 (가양동),여관업,2,11,36.3454021,127.4513586
로즈모텔,대전광역시 중구 태평로 183 (태평동),여관업,10,2,36.3312108,127.3965779
큐모텔,대전광역시 대덕구 오정로76번길 77 (오정동),여관업,15,4,36.3535729,127.4114564
천운장모텔,대전광역시 중구 대흥로175번길 11 (대흥동),여관업,17,0,36.326215,127.4307624
수정장여관,대전광역시 중구 태평로 185 (태평동),여관업,19,0,36.3331554,127.398215
스테이 소제,대전광역시 동구 계족로 209-1 (신안동),여관업,8,3,36.3168911,127.440682
금호여관,대전광역시 대덕구 대전로 1139 (오정동),여관업,10,2,36.3594853,127.4157548
월드파크,대전광역시 중구 오류로 64 (오류동),여관업,17,9,36.3214703,127.4042701
동산장,대전광역시 동구 동서대로 1715-14 (용전동),여관업,15,2,36.3458005,127.4298745
만금장여관,대전광역시 중구 충무로 85-1 (대사동),여관업,8,0,36.3174413,127.4265934
상양여인숙,대전광역시 동구 선화로214번길 69 (정동),여인숙업,2,5,36.3323,127.4314
장수여관,대전광역시 대덕구 우암로 441 (비래동),여관업,8,2,36.3595579,127.4483459
경하온천호텔,대전광역시 유성구 온천로101번길 30 (봉명동),관광호텔,11,29,36.3546839,127.3491133
국향장여관,대전광역시 중구 선화로 120 (선화동),여관업,6,0,36.324109,127.4114682
명동파크,대전광역시 동구 한밭대로1314번길 17 (용전동),여관업,13,1,36.3518336,127.4387232
파인파크,대전광역시 동구 대전로807번길 13 (중동),여관업,11,0,36.3311723,127.4311038
동보장,대전광역시 동구 대전로839번길 58 (중동),여관업,14,5,36.3334128,127.429336
충북여인숙,대전광역시 동구 역전시장길 75 (정동),여인숙업,0,6,36.3300991,127.4341545
호박장 여인숙,대전광역시 동구 선화로214번길 70 (정동),여인숙업,4,3,36.3322,127.4313
옷샘여관,대전광역시 대덕구 송촌남로 61 (송촌동),여관업,8,7,36.3565436,127.4437923
올리비아,대전광역시 동구 대전로825번길 13 (정동),여인숙업,0,9,36.332086,127.4296685
광산여관,대전광역시 유성구 계룡로66번길 37 (봉명동),여관업,0,10,36.353696,127.3379269
금성,대전광역시 동구 대전로815번길 11 (정동),여관업,8,7,36.3355276,127.4294838
경북여인숙,대전광역시 동구 역전시장길 84 (정동),여인숙업,0,8,36.3300991,127.4341545
대원여인숙,대전광역시 동구 대전로813번길 22 (중동),여인숙업,0,6,36.3315723,127.4307873
한밭여관,대전광역시 중구 계룡로955번길 36 (대흥동),여관업,10,0,36.3211719,127.4181316
불로장여관,대전광역시 유성구 계룡로 41-9 (봉명동),여관업,21,8,36.3535447,127.3417308
수정,대전광역시 동구 비래서로62번길 103 (가양동),여관업,14,4,36.3521192,127.4500574
대명장여관,대전광역시 중구 대둔산로509번길 29 (유천동),여관업,14,4,36.3144256,127.3886945
용궁여관,대전광역시 중구 중앙로16번길 19-8 (문화동),여관업,14,0,36.3209399,127.4147483
경빈,대전광역시 동구 우암로 175-4 (성남동),여관업,4,8,36.3504138,127.4525122
영재여인숙,대전광역시 동구 동서대로1692번길 11 (가양동),여인숙업,0,13,36.3457491,127.4378819
대한모텔,대전광역시 동구 선화로214번길 50 (정동),여관업,5,0,36.333,127.4306
고향여관,대전광역시 중구 유천로 57-30 (유천동),여관업,10,4,36.3176075,127.3968531
백제장여관,대전광역시 중구 중앙로16번길 19-11 (문화동),여관업,16,2,36.3209399,127.4147483
남도장여관,대전광역시 동구 중앙로203번길 47 (정동),여관업,7,5,36.3328297,127.4303256
만월호텔대흥점,"대전광역시 중구 대흥로165번길 35, 1-6층 (대흥동)",여관업,29,0,36.3258287,127.429728
안흥여관,대전광역시 중구 목척2길 45 (은행동),여관업,0,10,36.3314264,127.4254349
원앙여인숙,대전광역시 동구 역전시장길 30 (정동),여인숙업,0,10,36.3300991,127.4341545
대덕여인숙,대전광역시 동구 역전1길 29 (정동),여인숙업,0,14,36.3335646,127.4321236
영남여인숙,대전광역시 동구 창조1길 31 (원동),여인숙업,0,5,36.3278573,127.4351925
궁월장,대전광역시 동구 대전로839번길 22 (정동),여관업,6,9,36.3334128,127.429336
무명여관,대전광역시 서구 계룡로620번길 7 (용문동),여관업,3,12,36.3389863,127.3902156
라성여관,대전광역시 동구 창조1길 61 (원동),여관업,5,6,36.3278573,127.4351925
자스민모텔,대전광역시 중구 중앙로112번길 42 (대흥동),여관업,19,1,36.3264689,127.422966
칠갑산파크,대전광역시 동구 동서대로1683번길 88 (용전동),여관업,12,0,36.3524766,127.435556
송덕장여관,대전광역시 중구 중앙로137번길 55 (선화동),여관업,0,17,36.3296795,127.4237497
명성,대전광역시 동구 선화로214번길 74 (정동),여관업,5,13,36.3321,127.4314
정림여관,대전광역시 중구 목척9길 22 (은행동),여관업,0,16,36.330441,127.4266956
그린파크,대전광역시 중구 유등천동로324번길 16 (산성동),여관업,10,2,36.3126211,127.3886885
동양여관,대전광역시 중구 대흥로111번길 30-10 (대흥동),여관업,11,0,36.3248179,127.4250515
덕영장,대전광역시 동구 대전로825번길 14 (정동),여인숙업,0,9,36.332086,127.4296685
허브모텔,대전광역시 중구 목척1길 29 (은행동),여관업,30,0,36.3300046,127.426574
미진여인숙,대전광역시 동구 선화로214번길 54 (정동),여인숙업,2,8,36.3328,127.4307
휴파크,대전광역시 동구 대전로807번길 14 (중동),여관업,8,2,36.3311723,127.4311038
에이스텔,대전광역시 중구 유등천동로 326-10 (산성동),여관업,16,0,36.307534,127.3847183
드림하우스,대전광역시 중구 중앙로129번길 27 (선화동),숙박업(생활),0,17,36.3288321,127.4237966
희망여인숙,대전광역시 동구 대전로815번길 58 (정동),여인숙업,0,9,36.3355276,127.4294838
신흥여인숙,대전광역시 동구 역전시장길 88 (정동),여인숙업,0,6,36.3300991,127.4341545
덕성여인숙,대전광역시 동구 역전1길 103 (정동),여인숙업,0,7,36.3335646,127.4321236
문화,대전광역시 동구 역전2길 6 (정동),여인숙업,0,13,36.3335,127.432
행운장여관,대전광역시 유성구 계룡로59번길 16 (봉명동),여관업,10,21,36.355854,127.3378672
보은여인숙,대전광역시 동구 역전1길 137 (정동),여인숙업,0,8,36.3335646,127.4321236
둥지파크,"대전광역시 중구 목척1길 50 (은행동,,4)",여관업,18,0,36.3300046,127.426574
극동여관,대전광역시 동구 선화로 201 (삼성동),여관업,5,5,36.3349787,127.4285817
별모텔,대전광역시 대덕구 동서대로1748번길 11 (비래동),여관업,14,3,36.3508666,127.445205
신창여인숙,대전광역시 동구 역전1길 135 (정동),여인숙업,2,8,36.3335646,127.4321236
성남여인숙,대전광역시 동구 계족로328번길 8-1 (성남동),여인숙업,0,10,36.342371,127.4370783
충청여인숙,대전광역시 동구 창조1길 52 (원동),여인숙업,0,6,36.3278573,127.4351925
영일장,대전광역시 중구 목척1길 11 (은행동),여관업,4,4,36.3300046,127.426574
삼화,대전광역시 동구 계족로328번길 8 (성남동),여인숙업,0,10,36.342371,127.4370783
서울여인숙,대전광역시 동구 역전시장길 77 (정동),여인숙업,0,5,36.3300991,127.4341545
남도 여인숙,대전광역시 중구 오류로 19-11 (오류동),여인숙업,0,7,36.3214703,127.4042701
천흥여인숙,대전광역시 동구 창조3길 25 (정동),여인숙업,4,11,36.3281325,127.4359107
화성모텔,대전광역시 중구 충무로 160-1 (문창동),여관업,14,0,36.3174413,127.4265934
한성여인숙,대전광역시 중구 동서대로1327번길 1 (용두동),여인숙업,0,10,36.3313568,127.404974
대영여인숙,대전광역시 동구 역전시장길 65 (정동),여인숙업,0,5,36.3300991,127.4341545
명신여인숙,대전광역시 동구 역전시장길 55 (정동),여인숙업,0,4,36.3300991,127.4341545
인화여인숙,대전광역시 동구 역전시장길 67 (정동),여인숙업,0,4,36.3300991,127.4341545
진주여인숙,대전광역시 동구 창조2길 18 (원동),여인숙업,0,5,36.3275234,127.4353828
첼로파크여관,대전광역시 중구 목척7길 30 (은행동),여관업,11,0,36.330441,127.4266956
대동여인숙,대전광역시 동구 대전로815번길 13 (정동),여인숙업,0,6,36.3355276,127.4294838
동원여인숙,대전광역시 동구 역전시장길 69 (정동),여인숙업,0,6,36.3300991,127.4341545
우리여인숙,대전광역시 동구 창조1길 47 (원동),여인숙업,0,8,36.3278573,127.4351925
대원여인숙,대전광역시 동구 역전시장길 20 (중동),여인숙업,0,5,36.3300991,127.4341545
세종여관,대전광역시 유성구 유성대로694번길 120 (봉명동),여관업,0,10,36.3535,127.338
산호,대전광역시 동구 역전1길 37 (정동),여인숙업,0,8,36.3335646,127.4321236
금성여관,대전광역시 유성구 계룡로59번길 33 (봉명동),여관업,6,28,36.355854,127.3378672
화원여인숙,대전광역시 동구 선화로214번길 69-2 (정동),여인숙업,2,2,36.3324,127.4315
영광여인숙,대전광역시 동구 대전로825번길 13 (정동),여인숙업,0,4,36.332086,127.4296685
동산여인숙,대전광역시 동구 역전시장길 25 (정동),여인숙업,0,8,36.3300991,127.4341545
대전여인숙,대전광역시 동구 창조1길 49 (원동),여인숙업,0,7,36.3278573,127.4351925
양지여인숙,대전광역시 동구 창조1길 76 (원동),여인숙업,0,8,36.3278573,127.4351925
부자여인숙,대전광역시 동구 대전로825번길 43-1 (중동),여인숙업,0,3,36.332086,127.4296685
하이모텔,대전광역시 동구 대전로807번길 7 (중동),여관업,13,1,36.3311723,127.4311038
